Brand,Name,Notes,Cleaned_Notes,Exposure_Count,Priority,Action
Diptyque,Do Son - Eau de Parfum,nan,nan,1,P2,Manual Review Required
Comme des Garcons,Concrete Eau de Parfum,nan,nan,0,P3,Manual Review Required
Comme des Garcons: Olfactory Library,Eau de Cologne Eau de Toilette,nan,nan,0,P3,Manual Review Required
Filippo Sorcinelli - SAUF,Unda Maris 8 Extrait de Parfum,nan,nan,0,P3,Manual Review Required
Filippo Sorcinelli - SAUF,Violon Basse 16 Extrait de Parfum,nan,nan,0,P3,Manual Review Required
Mad et Len,Red Musc Eau de Parfum,nan,nan,0,P3,Manual Review Required
Mad et Len,Vetyver Bucolique Eau de Parfum,nan,nan,0,P3,Manual Review Required
Mad et Len,Fuego Flores Eau de Parfum,nan,nan,1,P2,Manual Review Required
Mad et Len,Black Afghan Eau de Parfum,nan,nan,0,P3,Manual Review Required
Floris London,Bergamotto di Positano Eau de Parfum,nan,nan,0,P3,Manual Review Required
Shay and Blue,Oud Alif Fragrance Concentr챕e,"Oud, chocolat noir, saffron, leather, patchouli","Oud, chocolat noir, saffron, leather, patchouli",0,P3,Manual Review Required
Shay and Blue,Blacks Club Leather Fragrance Concentr챕e,"English leather, cognac, mahogany, firewood, beeswax","English leather, cognac, mahogany, firewood, beeswax",0,P3,Manual Review Required
Tauerville,Fruitchouli Eau de Parfum,nan,nan,0,P3,Manual Review Required
Tauerville,Rose Flash Parfum Extrait,nan,nan,0,P3,Manual Review Required
Orto Parisi,Terroni Parfum,nan,nan,1,P2,Manual Review Required
Orto Parisi,Seminalis Parfum,nan,nan,0,P3,Manual Review Required
Orto Parisi,Boccanera Parfum,nan,nan,1,P2,Manual Review Required
Orto Parisi,Brutus Parfum,nan,nan,0,P3,Manual Review Required
Orto Parisi,Viride Parfum,nan,nan,0,P3,Manual Review Required
Orto Parisi,Bergamask Parfum,nan,nan,0,P3,Manual Review Required
4160 Tuesdays,What I Did on My Holidays Eau de Parfum,nan,nan,0,P3,Manual Review Required
Essential Faith,Aura Perfume Oil,nan,nan,0,P3,Manual Review Required
Byredo,Mojave Ghost Hair Perfume,nan,nan,0,P3,Manual Review Required
TOM FORD Private Blend,Tuscan Leather Body Spray Scented Body Spray,nan,nan,0,P3,Manual Review Required
TOM FORD Private Blend,Tobacco Vanille Body Spray Scented Body Spray,nan,nan,0,P3,Manual Review Required
TOM FORD Private Blend,Noir de Noir Body Spray Scented Body Spray,nan,nan,0,P3,Manual Review Required
Xerjoff - Join the Club,Ivory Route Eau de Parfum,nan,nan,0,P3,Manual Review Required
Xerjoff - Join the Club,More than Words Eau de Parfum,nan,nan,0,P3,Manual Review Required
Xerjoff - Join the Club,Comandante Eau de Parfum,nan,nan,0,P3,Manual Review Required
Xerjoff - Join the Club,40 Knots Eau de Parfum,nan,nan,0,P3,Manual Review Required
Santa Maria Novella,Alba di Seoul Cologne Eau de Cologne,nan,nan,0,P3,Manual Review Required
Santa Maria Novella,Angels of Florence Cologne Eau de Cologne,nan,nan,0,P3,Manual Review Required
Santa Maria Novella,Citta di Kyoto Cologne Eau de Cologne,nan,nan,1,P2,Manual Review Required
Santa Maria Novella,Vetiver Cologne Eau de Cologne,nan,nan,0,P3,Manual Review Required
Santa Maria Novella,Spanish Leather Cologne Eau de Cologne,nan,nan,0,P3,Manual Review Required
Santa Maria Novella,Carnation / Garofano Cologne Eau de Cologne,nan,nan,0,P3,Manual Review Required
Santa Maria Novella,Broom / Ginestra Cologne,nan,nan,0,P3,Manual Review Required
Santa Maria Novella,Pomegranate / Melograno Cologne Eau de Cologne,nan,nan,0,P3,Manual Review Required
Santa Maria Novella,Patchouli Cologne,nan,nan,0,P3,Manual Review Required
Santa Maria Novella,Nostalgia Cologne Eau de Cologne,nan,nan,0,P3,Manual Review Required
Santa Maria Novella,Musk / Muschio Cologne Eau de Cologne,nan,nan,0,P3,Manual Review Required
Santa Maria Novella,Pot Pourri Cologne Eau de Cologne,nan,nan,0,P3,Manual Review Required
Santa Maria Novella,Orange Blossom / Zagara Cologne Eau de Cologne,nan,nan,0,P3,Manual Review Required
Santa Maria Novella,Tabacco Toscano Cologne Eau de Cologne,nan,nan,0,P3,Manual Review Required
Santa Maria Novella,Russian Cologne Eau de Cologne,nan,nan,0,P3,Manual Review Required
Santa Maria Novella,Honeysuckle / Caprifoglio Cologne Eau de Cologne,nan,nan,0,P3,Manual Review Required
Santa Maria Novella,Santa Maria Novella Cologne Eau de Cologne,nan,nan,0,P3,Manual Review Required
Illuminum,White Gardenia Petals Eau de Parfum,nan,nan,0,P3,Manual Review Required
Puredistance,Black Parfum Extrait,nan,nan,0,P3,Manual Review Required
Xerjoff,XJ Damarose Eau de Parfum,nan,nan,0,P3,Manual Review Required
Maison Francis Kurkdjian,Baccarat Rouge 540 Hair Mist Scented Hair Perfume,nan,nan,0,P3,Manual Review Required
Maison Francis Kurkdjian,A la Rose Scented Hair Mist,nan,nan,0,P3,Manual Review Required
Maison Francis Kurkdjian,Aqua Universalis Scented Hair Mist,nan,nan,0,P3,Manual Review Required
Etat Libre d'Orange,You Or Someone Like You Eau de Parfum,nan,nan,0,P3,Manual Review Required
Nasomatto,Nudiflorum Extrait de Parfum,nan,nan,0,P3,Manual Review Required
Nasomatto,Blamage Parfum Extrait,nan,nan,0,P3,Manual Review Required
Nasomatto,Black Afgano Parfum Extrait,nan,nan,0,P3,Manual Review Required
Nasomatto,China White Parfum Extrait,nan,nan,0,P3,Manual Review Required
Nasomatto,Duro Parfum Extrait,nan,nan,0,P3,Manual Review Required
Nasomatto,Silver Musk Parfum Extrait,nan,nan,0,P3,Manual Review Required
Nasomatto,Narcotic V Parfum Extrait,nan,nan,0,P3,Manual Review Required
Nasomatto,Absinth Parfum Extrait,nan,nan,0,P3,Manual Review Required
Olivier Durbano,Pink Quartz Eau de Parfum,nan,nan,0,P3,Manual Review Required
Luckyscent Gifts With Purchase,Parfums de Nicolai - Eau de Yuzu travel spray,nan,nan,0,P3,Manual Review Required
"Pierre Guillaume Paris, Parfumerie Generale",Musc Maori Eau de Parfum,nan,nan,0,P3,Manual Review Required
Profumum,Vanitas Body Cream Scented Body Cream,nan,nan,0,P3,Manual Review Required
Profumum,Confetto Body Cream Scented Body Cream,nan,nan,0,P3,Manual Review Required
Profumum,Dulcis in Fundo Body Cream Scented Body Cream,nan,nan,0,P3,Manual Review Required
Profumum,Acqua Viva Body Cream Scented Body Cream,nan,nan,0,P3,Manual Review Required
Profumum,Acqua di Sale Body Cream Scented Body Cream,nan,nan,0,P3,Manual Review Required
Profumum,Acqua e Zucchero Body Cream Scented Body Cream,nan,nan,0,P3,Manual Review Required
Luckyscent Sample Packs,Essential 13 Sample Pack - Feminine,nan,nan,0,P3,Manual Review Required
Tauer Perfumes,Au Coeur du Desert Parfum Extrait,nan,nan,0,P3,Manual Review Required
Escentric Molecules,Escentric 04 Eau de Toilette,nan,nan,0,P3,Manual Review Required
Escentric Molecules,Molecule 04 Eau de Toilette,nan,nan,0,P3,Manual Review Required
Escentric Molecules,Escentric 03 Eau de Toilette,nan,nan,0,P3,Manual Review Required
Escentric Molecules,Molecule 03 Eau de Toilette,nan,nan,0,P3,Manual Review Required
Escentric Molecules,Escentric 02 Eau de Toilette,nan,nan,0,P3,Manual Review Required
Escentric Molecules,Molecule 02 Eau de Toilette,nan,nan,0,P3,Manual Review Required
Escentric Molecules,Escentric 01 Eau de Toilette,nan,nan,0,P3,Manual Review Required
Oriza L. Legrand,Relique d'Amour Eau de Parfum,nan,nan,0,P3,Manual Review Required
